{
  "secrets": [],
  "configuration": [
    {
      "name": "PASSWORD_EXPIRY_IN_DAYS",
      "label": "Password Expiry In Days",
      "description": "The number of days a password is valid before it is considered expired and must be reset.",
      "default_value": "90"
    },
    {
      "name": "ERROR_MESSAGE",
      "label": "Error Message",
      "description": "The error code/message returned to the client when they attempt to use an expired password.",
      "default_value": "Your password has expired.  Please reset it."
    }
  ],
  "dependencies": []
}
